{
  "customer_id": "customer_id",
  "customer_ids": "customer_id",
  "customer id": "customer_id",
  "customer ids": "customer_id",
  "name": "name",
  "names": "name",
  "age": "age",
  "ages": "age",
  "city": "city",
  "cities": "city",
  "join_date": "join_date",
  "join_dates": "join_date",
  "join date": "join_date",
  "join dates": "join_date",
  "account_id": "account_id",
  "account_ids": "account_id",
  "account id": "account_id",
  "account ids": "account_id",
  "balance": "balance",
  "balances": "balance",
  "account_type": "account_type",
  "account_types": "account_type",
  "account type": "account_type",
  "account types": "account_type",
  "opening_date": "opening_date",
  "opening_dates": "opening_date",
  "opening date": "opening_date",
  "opening dates": "opening_date",
  "transaction_id": "transaction_id",
  "transaction_ids": "transaction_id",
  "transaction id": "transaction_id",
  "transaction ids": "transaction_id",
  "amount": "amount",
  "amounts": "amount",
  "transaction_type": "transaction_type",
  "transaction_types": "transaction_type",
  "transaction type": "transaction_type",
  "transaction types": "transaction_type",
  "transaction_date": "transaction_date",
  "transaction_dates": "transaction_date",
  "transaction date": "transaction_date",
  "transaction dates": "transaction_date",
  "customers customer_id": "customer_id",
  "customers customer_ids": "customer_id",
  "customers customer id": "customer_id",
  "customers customer ids": "customer_id",
  "customer customer_id": "customer_id",
  "customer customer_ids": "customer_id",
  "customer customer id": "customer_id",
  "customer customer ids": "customer_id",
  "customers name": "name",
  "customers names": "name",
  "customer name": "name",
  "customer names": "name",
  "customers age": "age",
  "customers ages": "age",
  "customer age": "age",
  "customer ages": "age",
  "customers city": "city",
  "customers cities": "city",
  "customer city": "city",
  "customer cities": "city",
  "customers join_date": "join_date",
  "customers join_dates": "join_date",
  "customers join date": "join_date",
  "customers join dates": "join_date",
  "customer join_date": "join_date",
  "customer join_dates": "join_date",
  "customer join date": "join_date",
  "customer join dates": "join_date",
  "accounts account_id": "account_id",
  "accounts account_ids": "account_id",
  "accounts account id": "account_id",
  "accounts account ids": "account_id",
  "account account_id": "account_id",
  "account account_ids": "account_id",
  "account account id": "account_id",
  "account account ids": "account_id",
  "accounts customer_id": "customer_id",
  "accounts customer_ids": "customer_id",
  "accounts customer id": "customer_id",
  "accounts customer ids": "customer_id",
  "account customer_id": "customer_id",
  "account customer_ids": "customer_id",
  "account customer id": "customer_id",
  "account customer ids": "customer_id",
  "accounts balance": "balance",
  "accounts balances": "balance",
  "account balance": "balance",
  "account balances": "balance",
  "accounts account_type": "account_type",
  "accounts account_types": "account_type",
  "accounts account type": "account_type",
  "accounts account types": "account_type",
  "account account_type": "account_type",
  "account account_types": "account_type",
  "account account type": "account_type",
  "account account types": "account_type",
  "accounts opening_date": "opening_date",
  "accounts opening_dates": "opening_date",
  "accounts opening date": "opening_date",
  "accounts opening dates": "opening_date",
  "account opening_date": "opening_date",
  "account opening_dates": "opening_date",
  "account opening date": "opening_date",
  "account opening dates": "opening_date",
  "transactions transaction_id": "transaction_id",
  "transactions transaction_ids": "transaction_id",
  "transactions transaction id": "transaction_id",
  "transactions transaction ids": "transaction_id",
  "transaction transaction_id": "transaction_id",
  "transaction transaction_ids": "transaction_id",
  "transaction transaction id": "transaction_id",
  "transaction transaction ids": "transaction_id",
  "transactions account_id": "account_id",
  "transactions account_ids": "account_id",
  "transactions account id": "account_id",
  "transactions account ids": "account_id",
  "transaction account_id": "account_id",
  "transaction account_ids": "account_id",
  "transaction account id": "account_id",
  "transaction account ids": "account_id",
  "transactions amount": "amount",
  "transactions amounts": "amount",
  "transaction amount": "amount",
  "transaction amounts": "amount",
  "transactions transaction_type": "transaction_type",
  "transactions transaction_types": "transaction_type",
  "transactions transaction type": "transaction_type",
  "transactions transaction types": "transaction_type",
  "transaction transaction_type": "transaction_type",
  "transaction transaction_types": "transaction_type",
  "transaction transaction type": "transaction_type",
  "transaction transaction types": "transaction_type",
  "transactions transaction_date": "transaction_date",
  "transactions transaction_dates": "transaction_date",
  "transactions transaction date": "transaction_date",
  "transactions transaction dates": "transaction_date",
  "transaction transaction_date": "transaction_date",
  "transaction transaction_dates": "transaction_date",
  "transaction transaction date": "transaction_date",
  "transaction transaction dates": "transaction_date",
  "all customers": "*",
  "all customer": "*",
  "all accounts": "*",
  "all account": "*",
  "all transactions": "*",
  "all transaction": "*"
}